{
    "Account": "Conta",
    "Add funds": "Adicionar fundos",
    "Add to your lists": "Adicionar às suas listas",
    "Add your card?": "Adicionar seu cartão?",
    "All": "Tudo",
    "All rights reserved.": "Todos os direitos reservados.",
    "Already got an account?": "Já possui uma conta?",
    "Amount": "Valor",
    "Amount ($5 min, $500 max)": "Valor (mínimo :currency:5, máximo :currency:500)",
    "Amount (5$ min, 500$ max)": "Valor (mínimo :min:currency, máximo :max:currency)",
    "Are you sure you want to clear all members out of current list?": "Tem certeza de que deseja limpar todos os membros da lista atual?",
    "Are you sure you want to delete this list?": "Tem certeza de que deseja excluir esta lista?",
    "Are you sure you want to delete this post?": "Tem certeza de que deseja excluir este post?",
    "Audio": "Áudio",
    "Available funds. You can deposit more money or become a creator to earn more.": "Fundos disponíveis. Você pode depositar mais dinheiro ou se tornar um criador para ganhar mais.",
    "Before proceeding, please check your email for a verification link.": "Antes de prosseguir, por favor, verifique seu e-mail para um link de verificação.",
    "Bio": "Biografia",
    "Blog": "Blog",
    "Edit": "Editar",
    "Set post price" : "Definir preço do post",
    "Paid posts are locked for subscribers as well." : "Posts pagos também estão bloqueados para assinantes.",
    "Price": "Preço",
    "Bookmark this post": "Adicionar aos favoritos",
    "Bookmarks": "Favoritos",
    "Contacts": "Contatos",
    "Checkout": "Finalizar compra",
    "Clear": "Limpar",
    "Clear list": "Limpar lista",
    "Manual payouts": "Pagamentos manuais",
    "Request withdrawal": "Solicitar saque",
    "Pending balance": "Saldo pendente",
    "Payment account" : "Conta de pagamento",
    "Bank account" : "Conta bancária",
    "PayPal email" : "E-mail do PayPal",
    "Wallet address" : "Endereço da carteira",
    "Bank account, notes, etc": "Conta bancária, observações, etc",
    "Full access to this user's content": "Acesso total ao conteúdo deste usuário",
    "Direct message with this user": "Mensagem direta com este usuário",
    "Cancel your subscription at any time": "Cancele sua assinatura a qualquer momento",
    "Click the text bubble to send a new message.": "Clique no balão de texto para enviar uma nova mensagem.",
    "Close": "Fechar",
    "Birthdate": "Data de nascimento",
    "Write a new post, drag and drop files to add attachments.": "Escreva um novo post, arraste e solte arquivos para adicionar anexos.",
    "Confirm Password": "Confirmar senha",
    "Confirm password": "Confirmar senha",
    "Confirm your email address.": "Confirme seu endereço de e-mail.",
    "Contact page": "Contato",
    "Terms & conditions": "Termos e condições",
    "Copy post link": "Copiar link do post",
    "Copy profile link": "Copiar link do perfil",
    "Create a new list": "Criar uma nova lista",
    "Credit card": "Cartão de crédito",
    "Dark mode": "Modo escuro",
    "Delete": "Excluir",
    "Delete account": "Excluir conta",
    "Delete list": "Excluir lista",
    "Delete post": "Excluir post",
    "Deposit": "Depositar",
    "Documentation": "Documentação",
    "Don't have an account?": "Não possui uma conta?",
    "E-Mail Address": "Endereço de e-mail",
    "Edit post": "Editar post",
    "Edit profile": "Editar perfil",
    "Explore": "Explorar",
    "Find a creator": "Encontrar um criador",
    "Forgot Your Password?": "Esqueceu sua senha?",
    "Free account only": "Apenas contas gratuitas",
    "From": "De",
    "Full name": "Nome completo",
    "Get verified and start earning now": "Verifique sua conta e comece a ganhar agora",
    "Help and support": "Ajuda e suporte",
    "Hide bundles": "Ocultar pacotes",
    "Unfollow": "Deixar de seguir",
    "Home": "Início",
    "I agree to the": "Eu concordo com os",
    "If you did not receive the email": "Se você não recebeu o e-mail",
    "In order to get verified and receive your badge, please take care of the following steps:": "Para ser verificado e receber sua insígnia, por favor, siga os seguintes passos:",
    "Is public account": "Conta pública",
    "Language": "Idioma",
    "Light mode": "Modo claro",
    "Like": "Curtir",
    "Likes": "Curtidas",
    "List name": "Nome da lista",
    "Lists": "Listas",
    "Loading...": "Carregando...",
    "Location": "Localização",
    "Locked": "Bloqueado",
    "Log out": "Sair",
    "Login": "Entrar",
    "Make more money": "Ganhe mais dinheiro",
    "become a creator long" : "Torne-se um criador e publique seu conteúdo premium com segurança em nossa plataforma. Ganhe até 85% de suas vendas e aproveite uma base estável de fãs.",
    "Manage": "Gerenciar",
    "Manage your account": "Gerencie sua conta",
    "Manage your account settings": "Gerencie as configurações da sua conta",
    "No suggestions available" : "Nenhuma sugestão disponível",
    "Become a creator": "Torne-se um criador",
    "Featured creators": "Criadores em destaque",
    "Here's list of currated content creators to start exploring now!": "Aqui está uma lista de criadores de conteúdo selecionados para você começar a explorar agora!",
    "Got questions?" : "Tem dúvidas?",
    "Don't hesitate to send us a message at" : "Não hesite em nos enviar uma mensagem para",
    "Send a tip to this user": "Enviar uma gorjeta para este usuário",
    "Your payment have been successfully initiated but needs to await for approval": "Seu pagamento foi iniciado com sucesso, mas precisa aguardar aprovação",
    "Main features" : "Principais recursos",
    "Here's a glimpse at the main features our script offers" : "Veja um resumo dos principais recursos que nosso script oferece",
    "Mobile Ready": "Pronto para dispositivos móveis",
    "Cross compatible & mobile first design.": "Compatível com múltiplas plataformas e design mobile-first.",
    "Advanced Admin panel": "Painel Administrativo Avançado",
    "Easy to use, fully featured admin panel.": "Painel administrativo fácil de usar e completo.",
    "User subscriptions": "Assinaturas de usuários",
    "Easy to use and reliable subscriptions system.": "Sistema de assinaturas fácil de usar e confiável.",
    "User feed & Locked posts": "Feed de usuários & Posts bloqueados",
    "Advanced feed system, pay to unlock posts.": "Sistema de feed avançado, posts bloqueados mediante pagamento.",
    "Light & Dark themes": "Temas claro e escuro",
    "Eazy to customize themes, dark & light mode.": "Temas fáceis de personalizar, modos claro e escuro.",
    "RTL & Locales": "RTL e Localizações",
    "Fully localize your site with languages & RTL.": "Localize completamente seu site com idiomas e suporte RTL.",
    "Live chat & Notifications": "Chat ao vivo & Notificações",
    "Live user messenger & User notifications.": "Mensageiro ao vivo e notificações para usuários.",
    "Post Bookmarks & User lists": "Favoritos de posts & Listas de usuários",
    "Stay updated with list users and bookmarks.": "Mantenha-se atualizado com listas de usuários e favoritos.",
    "Content flagging and User reports": "Sinalização de conteúdo e denúncias de usuários",
    "Stay safe with user and content reporting.": "Mantenha a segurança com denúncias de usuários e conteúdo.",
    "Technologies used": "Tecnologias utilizadas",
    "Built on secure, scalable and reliable techs": "Construído com tecnologias seguras, escaláveis e confiáveis",
    "Contact us" : "Contate-nos",
    "Don't hesitate to contact us for any matter. We will get back to you asap." : "Não hesite em nos contatar para qualquer assunto. Retornaremos o mais breve possível.",
    "Message sent.": "Mensagem enviada.",
    "Email address": "Endereço de e-mail",
    "Subject": "Assunto",
    "Message": "Mensagem",
    "Submit": "Enviar",
    "Feed" : "Feed",
    "Create" : "Criar",
    "Profile" : "Perfil",
    "account" : "conta",
    "wallet" :  "carteira",
    "payments" : "pagamentos",
    "rates" :  "taxas",
    "subscriptions" : "assinaturas",
    "subscribers" : "assinantes",
    "notifications" :  "notificações",
    "privacy" : "privacidade",
    "verify" :  "verificar",
    "comments": "comentário|comentários",
    "Messages": "Mensagens",
    "Messenger": "Mensageiro",
    "Missing notifications": "Nenhuma notificação ainda.",
    "More": "Mais",
    "My profile": "Meu perfil",
    "Name": "Nome",
    "New message received": "Nova mensagem recebida",
    "You successfully unlocked this message.": "Você desbloqueou esta mensagem com sucesso.",
    "New password": "Nova senha",
    "New post": "Novo post",
    "New posts from subscribed accounts": "Novos posts de contas assinadas",
    "New subscription registered": "Nova assinatura registrada",
    "Next page": "Próxima página",
    "No comments yet.": "Ainda não há comentários.",
    "No description available.": "Nenhuma descrição disponível.",
    "No lists available": "Nenhuma lista disponível",
    "No posts available": "Nenhum post disponível",
    "No profiles available": "Nenhum perfil disponível",
    "Notifications": "Notificações",
    "Limited offer main label": "Oferta limitada - :discount% de desconto por :days_remaining dias!",
    "Offer ends label": "Oferta termina em :date",
    "One month subscription of": "Assinatura de um mês de",
    "Cancel": "Cancelar",
    "Continue": "Continuar",
    "Other": "Outro",
    "Paid with": "Pago com",
    "Password": "Senha",
    "Payments": "Pagamentos",
    "Photos": "Fotos",
    "Please enter a list name.": "Por favor, insira um nome para a lista.",
    "Please enter a valid amount.": "Por favor, insira um valor válido.",
    "Please select your payment method": "Por favor, selecione seu método de pagamento",
    "Previous page": "Página anterior",
    "Pricing": "Preços",
    "Privacy": "Privacidade",
    "Privacy Policy": "Política de Privacidade",
    "Privacy policy": "Política de privacidade",
    "Proceed with payment": "Prosseguir com o pagamento",
    "Promos": "Promoções",
    "Ready to go, easy to develop and debug boilerplate for multi page, server side rendered apps.": "Pronto para uso, boilerplate fácil de desenvolver e depurar para aplicativos multi página e renderizados no servidor.",
    "Recent": "Recentes",
    "Refresh suggestions": "Atualizar sugestões",
    "Register": "Cadastrar",
    "Or use social" : "Ou use redes sociais",
    "Regular price label": "Preço regular :amount :currency / mês",
    "Remember Me": "Lembrar de mim",
    "Remove the bookmark": "Remover dos favoritos",
    "Rename list": "Renomear lista",
    "Renews": "Renova",
    "Report": "Denunciar",
    "Suggestions": "Sugestões",
    "Save": "Salvar",
    "Say 'Hi!' to someone!": "Diga 'Oi!' para alguém!",
    "Send Password Reset Link": "Enviar link para redefinir a senha",
    "Enjoy high quality content, made for you and the ones like you.": "Aproveite conteúdo de alta qualidade, feito para você e pessoas como você.",
    "Enjoy private conversations and get tipped for your content.": "Desfrute de conversas privadas e receba gorjetas pelo seu conteúdo.",
    "Your content get's safely upload in the cloud and full controll to your account.": "Seu conteúdo é carregado com segurança na nuvem e você tem controle total sobre sua conta.",
    "Premium & Private content": "Conteúdo Premium & Privado",
    "Private chat & Tips": "Chat privado & Gorjetas",
    "Secured assets & Privacy focus": "Ativos seguros & Foco em privacidade",
    "Send a message": "Enviar uma mensagem",
    "Send a new message": "Enviar uma nova mensagem",
    "Send a new message to": "Enviar uma nova mensagem para :user",
    "Before sending a new message, please subscribe to a creator or follow a free profile.": "Antes de enviar uma nova mensagem, por favor, assine um criador ou siga um perfil gratuito.",
    "Send a tip": "Enviar uma gorjeta",
    "Set your birthdate.": "Defina sua data de nascimento.",
    "Settings": "Configurações",
    "Sign in": "Entrar",
    "Sign up": "Cadastrar",
    "Start your own journey now!": "Comece sua própria jornada agora!",
    "Status": "Status",
    "Subscribe": "Assinar",
    "Subscription": "Assinatura",
    "Subscriptions": "Assinaturas",
    "Subscriptions bundles": "Pacotes de assinaturas",
    "Successfully canceled subscription": "Assinatura cancelada com sucesso.",
    "Support": "Suporte",
    "Terms of Use": "Termos de Uso",
    "Terms of use": "Termos de uso",
    "There are no active or cancelled subscriptions at the moment.": "Não há assinaturas ativas ou canceladas no momento.",
    "There are no payments on this account.": "Não há pagamentos nesta conta.",
    "Tips": "Gorjetas",
    "To": "Para",
    "Try for free": "Experimente gratuitamente",
    "Start your own premium creators platform with our ready-to-go solution.": "Comece sua própria plataforma premium para criadores com nossa solução pronta para uso.",
    "Payment canceled": "Pagamento cancelado",
    "Your deposit request of :amount has been approved.": "Seu pedido de depósito de :amount foi aprovado.",
    "Check your wallet": "Verifique sua carteira",
    "Your deposit request has been approved": "Seu pedido de depósito foi aprovado",
    "Partially paid payment": "Pagamento parcialmente realizado",
    "There is a partially paid payment done with NowPayments that requires your attention. (:paymentId)": "Há um pagamento parcialmente efetuado via NowPayments que requer sua atenção. (:paymentId)",
    "Check payment": "Verificar pagamento",
    "Type": "Tipo",
    "Update your bio, cover and avatar": "Atualize sua biografia, capa e avatar",
    "Upload a Goverment issued ID card.": "Envie uma carteira de identidade emitida pelo governo.",
    "Username": "Nome de usuário",
    "Verify": "Verificar",
    "Verify Your Email Address": "Verifique seu endereço de e-mail",
    "Videos": "Vídeos",
    "Website URL": "URL do site",
    "Write a message..": "Escreva uma mensagem..",
    "Attach file": "Anexar arquivo",
    "Send message": "Enviar mensagem",
    "Message price": "Preço da mensagem",
    "You got no messages yet.": "Você ainda não tem mensagens.",
    "Attachment removed." : "Anexo removido.",
    "Failed to remove the attachment." : "Falha ao remover o anexo.",
    "You need to login first": "Você precisa fazer login primeiro",
    "Your active subscriptions": "Suas assinaturas ativas",
    "Subscribe to": "Assine :username por :currency:amount a cada :subscription_interval",
    "Subscribe to rightAligned": "Assine :username por :amount:currency a cada :subscription_interval",
    "Your notifications settings": "Configurações de notificações",
    "Your payments & wallet": "Seus pagamentos & carteira",
    "Your post must contain more than 10 characters.": "Seu post deve conter mais de :num caractere.|Seu post deve conter mais de :num caracteres.",
    "Your privacy and safety matters": "Sua privacidade e segurança são importantes",
    "and": "e",
    "click here to request another": "clique aqui para solicitar outro",
    "days": ":number dia|[2,*] :number dias",
    "months": ":number mês|:number meses",
    "Following": "Seguindo",
    "Followers": "Seguidores",
    "Blocked": "Bloqueados",
    "for": "por",
    "likes": "curtida|curtidas",
    "profile": "perfil",
    "tips": "gorjeta|gorjetas",
    "Your profile subscription price": "Preço da assinatura do seu perfil",
    "6 months subscription price": "Preço para 6 meses de assinatura",
    "3 months subscription price": "Preço para 3 meses de assinatura",
    "12 months subscription price": "Preço para 12 meses de assinatura",
    "Is offer until" : "Oferta válida até",
    "In order to start a promotion, reduce your monthly prices and select a future promotion end date.": "Para iniciar uma promoção, reduza seus preços mensais e selecione uma data de término da promoção no futuro.",
    "members": ":number membro|[2,*] :number membros",
    "posts": ":number post|[2,*] :number posts",
    "people": ":number pessoa|[2,*] :number pessoas",
    "images": ":number imagem|[2,*] :number imagens",
    "videos": ":number vídeo|[2,*] :number vídeos",
    "audio": ":number áudio|[2,*] :number áudios",
    "fans": ":number fã|[2,*] :number fãs",
    "following": ":number seguindo|:number seguindo",
    "to access": "para acessar",
    "with your content": "com seu conteúdo",
    "DMs unavailable without subscription" : "Chats indisponíveis sem assinatura",
    "Success": "Sucesso",
    "Error": "Erro",
    "You have been credited :currencySymbol:amount Happy spending!": "Pagamento efetuado. Você foi creditado com :currencySymbol:amount. Boas compras!",
    "You have been credited :amount:currencySymbol Happy spending!": "Pagamento efetuado. Você foi creditado com :amount:currencySymbol. Boas compras!",
    "You successfully sent a tip of :currencySymbol:amount.": "Você enviou uma gorjeta de :currencySymbol:amount com sucesso.",
    "You successfully sent a tip of :amount:currencySymbol.": "Você enviou uma gorjeta de :amount:currencySymbol com sucesso.",
    "Payment summary": "Resumo do pagamento",
    "Comment added" : "Comentário adicionado.",
    "List added" : "Lista adicionada",
    "List renamed" : "Lista renomeada",
    "New comment received" : "Novo comentário recebido",
    "Upcoming renewals" :"Renovações próximas",
    "Received a tip" : "Gorjeta recebida",
    "Unlock post for" : "Desbloquear post por",
    "Unlock post": "Desbloquear post",
    "Your live streams": "Suas transmissões ao vivo",
    "Join streaming": "Participar da transmissão",
    "Join streaming now for": "Participe da transmissão agora por",
    "You already paid for this streaming": "Você já pagou por esta transmissão",
    "You successfully paid for this streaming.": "Você pagou por esta transmissão com sucesso.",
    "Your live stream is about to end": "Sua transmissão ao vivo está prestes a terminar",
    "Your live stream is about to end in 30 minutes. You can start another one afterward.": "Sua transmissão ao vivo terminará em 30 minutos. Você pode iniciar outra em seguida.",
    "Go to stream": "Ir para a transmissão",
    "Stream url can not be generated. Please enter at least one alphanumeric character in the stream title.": "Não foi possível gerar a URL da transmissão. Por favor, insira pelo menos um caractere alfanumérico no título da transmissão.",
    "Live stream requires a" : "A transmissão ao vivo requer um",
    "valid": "válido",
    "user subscription": "assinatura de usuário",
    "and an": "e um",
    "one time fee": "pagamento único",
    "Chat locked. Unlock the stream to see the messages.": "Chat bloqueado. Desbloqueie a transmissão para ver as mensagens.",
    "Cancel subscription" : "Cancelar assinatura",
    "Are you sure you want to cancel this subscription?" : "Tem certeza de que deseja cancelar esta assinatura?",
    "Confirm" : "Confirmar",
    "Due": "Vencimento",
    "Number": "Número",
    "Date": "Data",
    "Invoiced To": "Faturado para",
    "Invoice From": "Fatura de",
    "Generated on": "Gerado em",
    "Print": "Imprimir",
    "Subtotal": "Subtotal",
    "Taxes": "Impostos",
    "Subscribed": "Assinado",
    "Total": "Total",
    "View invoice": "Ver fatura",
    "Description": "Descrição",
    "Total taxes" : "Total de impostos",
    "pending": "pendente",
    "completed": "concluído",
    "suspended": "suspenso",
    "update-needed": "atualização necessária",
    "canceled": "cancelado",
    "expired": "expirado",
    "disapproved": "reprovado",
    "approved": "aprovado",
    "declined": "recusado",
    "refunded": "reembolsado",
    "initiated": "iniciado",
    "tip": "Gorjeta",
    "deposit": "Depósito",
    "one-month-subscription": "Assinatura de um mês",
    "stream-access" : "Acesso à transmissão",
    "three-months-subscription": "Assinatura de três meses",
    "six-months-subscription": "Assinatura de seis meses",
    "yearly-subscription": "Assinatura anual",
    "subscription-renewal": "Renovação de assinatura",
    "post-unlock": "desbloqueio de post",
    "message-unlock": "mensagem paga",
    "chat-tip": "gorjeta no chat",
    "post notification" : "notificação de post",
    ":name added a new comment on your" : ":name adicionou um novo comentário no seu",
    "Send you a message: `:message`": "Enviou uma mensagem: `:message`",
    "Hello, :name,": "Olá, :name,",
    "You've received a new comment on one of your posts at :siteName." : "Você recebeu um novo comentário em um dos seus posts em :siteName.",
    "Your notifications": "Suas notificações",
    "New subscription from :name" : "Nova assinatura de :name.",
    "A new user subscribed to your profile": "Um novo usuário assinou seu perfil.",
    "You got a new subscriber!" : "Você ganhou um novo assinante!",
    "You got a new subscriber! You can see more details over your subscriptions tab.": "Você ganhou um novo assinante! Confira mais detalhes na aba de assinaturas.",
    "Manage your subs": "Gerencie seus assinantes",
    "sent you a tip of": "enviou uma gorjeta de",
    "You got a new tip!" : "Você recebeu uma nova gorjeta!",
    ":name liked your": ":name curtiu seu",
    ":name liked your comment":":name curtiu seu comentário.",
    "Withdrawal processed": "Seu saque de :currencySymbol:amount foi :status.",
    "Withdrawal processed rightAligned": "Seu saque de :amount:currencySymbol foi :status.",
    "successfully renewed": "renovado com sucesso",
    "failed renewing" : "falha na renovação",
    "Check out his profile for more content" : "Confira o perfil dele para mais conteúdo",
    "Go back to the website": "Voltar ao site",
    "Your subscription renewal": "Renovação da sua assinatura",
    "Email subscription updated" : "Sua assinatura para o perfil de :name foi atualizada: :message",
    "Back" : "Voltar",
    "Please add your withdrawal notes: EG: Paypal or Bank account." : "Por favor, adicione suas observações de saque: Ex: conta PayPal ou conta bancária.",
    "Your withdrawal request has been denied.": "Seu pedido de saque foi negado.",
    "Your withdrawal request has been approved." : "Seu pedido de saque foi aprovado.",
    "Try again" : "Tente novamente",
    "My payments" : "Meus pagamentos",
    "Email withdrawal processed" : "Seu saque em :siteName foi :status",
    "Email payment request processed" : "Seu pedido de pagamento em :siteName foi :status",
    "has been sent to your account.": "foi enviado para sua conta.",
    "requested": "solicitado",
    "rejected": "rejeitado",
    "verified": "verificado",
    "Email identity checked" : "Sua verificação de identidade em :siteName foi :status.",
    "Your identity check failed." : "Sua verificação de identidade falhou.",
    "Your identity check passed." : "Sua verificação de identidade foi bem-sucedida.",
    "Create a post" : "Criar um post",
    "Confirm action" : "Confirmar ação",
    "Some attachments are still being uploaded." : "Alguns anexos ainda estão sendo enviados.",
    "Are you sure you want to continue?" : "Tem certeza de que deseja continuar?",
    "Email new message title" : "Você recebeu uma nova mensagem em :siteName!",
    "View your messages" : "Ver suas mensagens",
    "Upcoming renewal" : "Renovação próxima",
    "Thanks" :  "Obrigado",
    "Platform statistics": "Estatísticas da plataforma",
    "Users registered": "Usuários registrados",
    "New posts": "Novos posts",
    "New subscriptions": "Novas assinaturas",
    "Total earned": "Total ganho",
    "Active subscriptions": "Assinaturas ativas",
    "Subscriptions revenue": "Receita de assinaturas",
    "Total transactions": "Total de transações",
    "Total amount earned": "Valor total ganho",
    "Total posts": "Total de posts",
    "Post attachments": "Anexos de posts",
    "Post comments": "Comentários em posts",
    "Total reactions": "Total de reações",
    "Go to users": "Ir para usuários",
    "Go to payments": "Ir para pagamentos",
    "Go to content": "Ir para conteúdo",
    "New users": "Novos usuários",
    "No prior data": "Sem dados anteriores",
    "thousands_separator": ".",
    "Users roles": "Funções de usuários",
    "Not Confirmed": "Não confirmado",
    "Registered users": "Usuários registrados",
    "Increase": "Aumento",
    "Decrease": "Diminuição",
    "Constant": "Constante",
    "No current data": "Sem dados atuais",
    "Website": "Site",
    "Visit the official product page": "Visite a página oficial do produto",
    "Visit the official product docs": "Visite a documentação oficial do produto",
    "Changelog": "Histórico de alterações",
    "Visit the official product changelog": "Visite o histórico oficial de alterações do produto",
    "Complete your verification": "Complete sua verificação",
    "Please attach clear photos of your ID card back and front side.": "Por favor, anexe fotos claras dos dois lados do seu documento de identidade.",
    "Your info looks good, you're all set to post new content!": "Suas informações estão boas, você já pode publicar novo conteúdo!",
    "The payouts are manually and it usually takes up to 24 hours for a withdrawal to be processed, we will notify you as soon as your request is processed": "Os pagamentos são manuais e geralmente levam até 24 horas para que um saque seja processado. Nós o notificaremos assim que seu pedido for processado.",
    "Admin & Site" : "Admin & Site",
    "Domain url or full installation path": "URL do domínio ou caminho completo de instalação",
    "Install script": "Instalar script",
    "Next": "Próximo",
    "Mandatory requirements": "Requisitos obrigatórios",
    "PHP Version": "Versão do PHP",
    "Optional requirements": "Requisitos opcionais",
    "FFMpeg paths are configured in admin panel. If not available, videos formats will fallback to mp4, uncompressed videos.": "Os caminhos do FFmpeg são configurados no painel administrativo. Se não estiverem disponíveis, os formatos de vídeo serão convertidos para mp4, vídeos não comprimidos.",
    "Update the platform": "Atualizar a plataforma",
    "Looks like there are no available updates on the current installation": "Parece que não há atualizações disponíveis na instalação atual",
    "You've backed up your files.": "Você fez backup dos seus arquivos.",
    "You've backed up your database.": "Você fez backup do seu banco de dados.",
    "You've copied the updated files onto your public directory.": "Você copiou os arquivos atualizados para o seu diretório público.",
    "Go home": "Ir para a página inicial",
    "Update": "Atualizar",
    "Before being able to publish an item, you need to complete your": "Antes de poder publicar um item, você precisa completar sua",
    "profile verification": "verificação de perfil",
    "Contact": "Contato",
    "Credit": "Crédito",
    "Copyright": "Direitos autorais",
    "Verify email": "Verificar e-mail",
    "Please verify your account": "Por favor, verifique sua conta",
    "Your email address is not verified.": "Seu endereço de e-mail não está verificado.",
    "Click here": "Clique aqui",
    "to re-send the confirmation email.": "para reenviar o e-mail de confirmação.",
    "Page not found": "Página não encontrada",
    "Install the script": "Instalar o script",
    "Update the script": "Atualizar o script",
    "Your feed": "Seu feed",
    "Invoice": "Fatura",
    "Your lists": "Suas listas",
    "Post": "Post",
    "Please select an user first": "Por favor, selecione um usuário primeiro",
    "Please enter your message": "Por favor, insira sua mensagem",
    "These credentials do not match our records.": "Essas credenciais não correspondem aos nossos registros.",
    "Suggestions list refreshed" : "Lista de sugestões atualizada",
    "Error fetching suggestions" : "Erro ao buscar sugestões",
    "Attachments removed successfully": "Anexos removidos com sucesso",
    "List deleted successfully.": "Lista excluída com sucesso.",
    "Not authorized": "Não autorizado",
    "List not found.": "Lista não encontrada.",
    "List cleared.": "Lista limpa.",
    "Report sent.": "Denúncia enviada.",
    "Looks like the payment process has been cancelled.": "Parece que o processo de pagamento foi cancelado.",
    "User not verified. Can not post content.": "Usuário não verificado. Não é possível publicar conteúdo.",
    "Not found": "Não encontrado",
    "Post not found": "Post não encontrado",
    "Post deleted successfully.": "Post excluído com sucesso.",
    "Settings not saved": "Configurações não salvas",
    "Settings saved" : "Configurações salvas",
    "removed successfully": "removido com sucesso",
    "Invalid setting key": "Chave de configuração inválida",
    "This subscription is already canceled.": "Esta assinatura já foi cancelada.",
    "Reaction added.": "Reação adicionada.",
    "Reaction removed.": "Reação removida.",
    "Database username": "Nome de usuário do banco de dados",
    "Database password": "Senha do banco de dados",
    "Uploaded videos can not longer than :length seconds.": "Vídeos enviados não podem ter mais de :length segundos.",
    "Warning": "Aviso",
    "Confirmation email sent. Please check your inbox and spam folder.": "E-mail de confirmação enviado. Por favor, verifique sua caixa de entrada e a pasta de spam.",
    "You have not confirmed your email address yet": "Você ainda não confirmou seu endereço de e-mail",
    "Click on": "Clique em",
    "this link": "este link",
    "to resend the confirmation email": "para reenviar o e-mail de confirmação",
    "Add attachments" : "Adicionar anexos",
    "Top" : "Top",
    "Latest" : "Mais recentes",
    "View": "Ver",
    "No users were found" : "Nenhum usuário foi encontrado",
    ":username post": "Post de :username",
    "Get profile QR code": "Obter QR code do perfil",
    "Username QR Code": "QR Code de :username",
    "Filters": "Filtros",
    "Gender": "Gênero",
    "Gender pronoun": "Pronome de gênero",
    "Male": "Masculino",
    "Female": "Feminino",
    "Couple": "Casal",
    "Min age": "Idade mínima",
    "Max age": "Idade máxima",
    "This user is not authorized to go live": "Este usuário não está autorizado a transmitir ao vivo",
    "Email address successfully verified": "Endereço de e-mail verificado com sucesso",
    "Verify your email": "Verifique seu e-mail",
    "Verify your email address": "Verifique seu endereço de e-mail",
    "Verify your new device": "Verifique seu novo dispositivo",
    "A fresh verification code has been sent to your email address.": "Um novo código de verificação foi enviado para seu e-mail.",
    "For security reasons, we’ve sent you a code to your email to validate your account.": "Por razões de segurança, enviamos um código para seu e-mail para validar sua conta.",
    "Resend Code": "Reenviar código",
    "Enable email 2FA": "Habilitar autenticação por e-mail (2FA)",
    "If enabled, access from new devices will be restricted until verified.": "Se ativado, o acesso de novos dispositivos será restrito até a verificação.",
    "Your verification code is:" : "Seu código de verificação é:",
    "The code you entered is invalid.": "O código inserido é inválido.",
    "We sent you a new code over your email address.": "Enviamos um novo código para seu e-mail.",
    "Forget device": "Esquecer dispositivo",
    "Allowed devices": "Dispositivos permitidos",
    "Un-verified devices": "Dispositivos não verificados",
    "on" : "em",
    "Created at": "Criado em",
    "Desktop" : "Desktop",
    "Mobile" : "Mobile",
    "Tablet" :  "Tablet",
    "Delete device" :  "Excluir dispositivo",
    "Are you sure you want to delete this device?" : "Tem certeza de que deseja excluir este dispositivo?",
    "Device deleted.": "Dispositivo excluído.",
    "Paypal" : "Paypal",
    "Stripe" : "Stripe",
    "Coinbase" : "Coinbase",
    "NowPayments Crypto" : "NowPayments Crypto",
    "Manual" : "Transferência bancária",
    "minute": "minuto|minutos",
    "streams": "transmissão|transmissões",
    "User" : "Usuário",
    "Stream" : "Transmissão",
    "Streams": "Transmissões",
    "Active streams": "Transmissões ativas",
    "Previous streams": "Transmissões anteriores",
    "Length" : "Duração",
    "Stream ended :time time ago": "Transmissão encerrada há :time",
    ":user's stream" : "Transmissão de :user",
    "Streaming" : "Transmissão",
    "Started streaming" : "Transmissão iniciada",
    "Watching": "Assistindo",
    "Requires a subscription" : "Requer uma assinatura",
    "Is public stream" : "Transmissão pública",
    "On air": "No ar",
    "Go live": "Transmitir ao vivo",
    "There are no active streams. Click the button above to start a new one.": "Não há transmissões ativas. Clique no botão acima para iniciar uma nova.",
    "There are no previous streams.": "Não há transmissões anteriores.",
    "New stream": "Nova transmissão",
    "Stream updated successfully.": "Transmissão atualizada com sucesso.",
    "No active streams available.": "Nenhuma transmissão ativa disponível.",
    "The stream has been queued to be stopped": "A transmissão foi enfileirada para ser encerrada",
    "Stream could not be found.": "Transmissão não encontrada.",
    "The stream has been deleted successfully.": "Transmissão excluída com sucesso.",
    "Invalid stream": "Transmissão inválida",
    "Stream access denied": "Acesso à transmissão negado",
    "Access denied": "Acesso negado",
    "Start a new stream": "Iniciar uma nova transmissão",
    "Edit stream details": "Editar detalhes da transmissão",
    "Stream name": "Nome da transmissão",
    "Access price": "Preço de acesso",
    "Stream poster": "Imagem da transmissão",
    "Upload stream poster": "Enviar imagem da transmissão",
    "Delete stream": "Excluir transmissão",
    "Are you sure you want to delete this stream?": "Tem certeza de que deseja excluir esta transmissão?",
    "How to stream": "Como transmitir",
    "Your stream server is online. In order to get going, follow the steps below:": "Seu servidor de transmissão está online. Para começar, siga os passos abaixo:",
    "Got it": "Entendi",
    "Download": "Baixar",
    "for desktop or mobile alternatives.": "para alternativas de desktop ou mobile.",
    "Go to": "Ir para",
    "For": "Para",
    "select": "selecionar",
    "for the": "para o",
    "Larix for" : "Larix para",
    "or" : "ou",
    "use the values below.": "use os valores abaixo.",
    "use the following value": "use o seguinte valor",
    "Stream url": "URL da transmissão",
    "Stream key": "Chave da transmissão",
    "Stream VOD unavailable": "VOD da transmissão indisponível",
    "End stream": "Encerrar transmissão",
    "Are you sure you want to end this stream?": "Tem certeza de que deseja encerrar esta transmissão?",
    "Stop stream": "Parar transmissão",
    "Stream started": "Transmissão iniciada",
    "Link copied to clipboard": "Link copiado para a área de transferência",
    "There are no messages yet." : "Ainda não há mensagens.",
    "Stream ended, can't add comments." : "Transmissão encerrada, não é possível adicionar comentários.",
    "Before being able to start a new stream, you need to complete your": "Antes de iniciar uma nova transmissão, você precisa completar sua",
    "Please confirm your ID first." : "Por favor, confirme sua identidade primeiro.",
    "Drop files here to upload" : "Arraste os arquivos aqui para enviar",
    "Expiring subscriptions": "Assinaturas prestes a expirar",
    "Hello, :subscriberName": "Olá, :subscriberName",
    "Your subscription to :creatorName is about to expire in the next 24h hours. Please top up your credit in order to keep your subscription going.": "Sua assinatura de :creatorName está prestes a expirar nas próximas 24 horas. Por favor, adicione crédito para manter sua assinatura ativa.",
    "Add payment details": "Adicionar detalhes de pagamento",
    "Bank transfer" : "Transferência bancária",
    "Please attach clear photos with one the following: check, money order or bank transfer.": "Por favor, anexe fotos claras de um dos seguintes: cheque, ordem de pagamento ou transferência bancária.",
    "Your payment have been successfully initiated but needs to await for processing": "Seu pagamento foi iniciado com sucesso, mas precisa aguardar o processamento",
    "Please upload at least one file": "Por favor, envie pelo menos um arquivo|Por favor, envie pelo menos :num arquivos.",
    "have been credited to your account.": "foram creditados em sua conta.",
    "Once confirmed, your credit will be available and you will be notified via email.": "Após a confirmação, seu crédito estará disponível e você será notificado por e-mail.",
    "IBAN": "IBAN",
    "BIC/SWIFT": "BIC/SWIFT",
    "Bank name": "Nome do banco",
    "Account owner": "Titular da conta",
    "Account number": "Número da conta",
    "Routing number": "Número de roteamento",
    "Search": "Pesquisar",
    "First name": "Primeiro nome",
    "Last name": "Sobrenome",
    "Country": "País",
    "Select a country": "Selecione um país",
    "City": "Cidade",
    "State": "Estado",
    "Postcode": "CEP",
    "Address": "Endereço",
    "Street address, apartment, suite, unit": "Endereço, apartamento, suíte, unidade",
    "Please complete all billing details": "Por favor, preencha todos os dados de cobrança",
    "Member added to list.": "Membro adicionado à lista.",
    "The field is required.": "Este campo é obrigatório.",
    "Enter only if you are over 18": "Informe somente se você tiver mais de 18 anos",
    "The website contains content of adult nature and is only available to adults. If you are under the age of 18 (or 21 in some countries), if it is illegal to view such material in your jurisdiction, or if it offends you, please do not continue.": "O site contém conteúdo adulto e está disponível apenas para maiores de idade. Se você tem menos de 18 anos (ou 21 em alguns países), se for ilegal visualizar tal material em sua jurisdição ou se isso o ofender, por favor, não continue.",
    "Yes": "Sim",
    "No": "Não",
    "You can read more about our": "Você pode ler mais sobre nossos",
    "terms of usage": "termos de uso",
    "You already paid access for this message": "Você já pagou para acessar esta mensagem",
    "Unlock message": "Desbloquear mensagem",
    "Unlock message for": "Desbloquear mensagem por",
    "post": "post",
    "Latest media not available.": "Mídia mais recente indisponível.",
    "Having your profile set to private means:": "Ter seu perfil configurado como privado significa:",
    "It will be hidden for search engines and unregistered users entirely.": "Ele ficará completamente oculto para motores de busca e usuários não registrados.",
    "It will also be generally hidden from suggestions and user searches on our platform.": "Ele também ficará oculto das sugestões e buscas de usuários na nossa plataforma.",
    "Payment method": "Método de pagamento",
    "Note: After clicking on the button, you will be directed to a secure gateway for payment. After completing the payment process, you will be redirected back to the website.": "Observação: Após clicar no botão, você será direcionado para um gateway seguro de pagamento. Ao concluir o processo, você será redirecionado de volta ao site.",
    "Billing agreement details": "Detalhes do acordo de cobrança",
    "Add user to list": "Adicionar usuário à lista",
    "Chose the list you want to add the user into": "Escolha a lista à qual deseja adicionar o usuário.",
    "Follow": "Seguir",
    "Add list": "Adicionar lista",
    "Withdraw": "Sacar",
    "Prices & Bundles": "Preços & Pacotes",
    "Your email notifications settings" : "Configurações de notificações por e-mail",
    "Follow this creator": "Seguir este criador",
    "The selected username is invalid.": "O nome de usuário selecionado é inválido.",
    "Paid profile": "Perfil pago",
    "Hello!": "Olá!",
    "Regards": "Atenciosamente",
    "A fresh verification link has been sent to your email address.": "Um novo link de verificação foi enviado para seu e-mail.",
    "Verify Email Address": "Verificar endereço de e-mail",
    "Please click the button below to verify your email address.": "Por favor, clique no botão abaixo para verificar seu endereço de e-mail.",
    "If you did not create an account, no further action is required.": "Se você não criou uma conta, nenhuma ação adicional é necessária.",
    "If you're having trouble clicking the \":actionText\" button, copy and paste the URL below\ninto your web browser:": "Se você estiver com dificuldades para clicar no botão \":actionText\", copie e cole a URL abaixo no seu navegador:",
    "Something went wrong when cancelling this subscription": "Algo deu errado ao cancelar esta assinatura",
    "Enable Geo-blocking" : "Habilitar bloqueio geográfico",
    "If enabled, visitors from certain countries will be restricted access.": "Se habilitado, visitantes de determinados países terão acesso restrito.",
    "Open profile": "Perfil aberto",
    "Having your profile set to open means:": "Ter seu perfil definido como aberto significa:",
    "Both registered and unregistered users will be able to see your posts.": "Tanto usuários registrados quanto não registrados poderão ver seus posts.",
    "If account is private, the content will only be available for registered used.": "Se a conta for privada, o conteúdo estará disponível apenas para usuários registrados.",
    "Paid posts will still be locked for open profiles.": "Posts pagos continuarão bloqueados mesmo em perfis abertos.",
    "A :feeAmount% fee will be applied.": "Uma taxa de :feeAmount% será aplicada.",
    "Cannot subscribe to yourself.": "Você não pode se inscrever em si mesmo.",
    "Cannot pay to yourself.": "Você não pode pagar a si mesmo.",
    "Profile access is denied.": "Acesso ao perfil negado.",
    "This content is not available for you at the moment.": "Este conteúdo não está disponível para você no momento.",
    "Locked message": "Mensagem bloqueada",
    "Unlock for" : "Desbloquear por",
    "Set message price": "Definir preço da mensagem",
    "Paid messages are locked for subscribers as well. Text is not locked, only media.": "Mensagens pagas estão bloqueadas para assinantes também. O texto não é bloqueado, apenas o conteúdo multimídia.",
    "Locked posts must contain at least one attachment.": "Posts bloqueados devem conter pelo menos um anexo.",
    "There are no referrals to show.": "Não há indicações para exibir.",
    "Referral": "Indicação",
    "Copied!": "Copiado!",
    "Copy to Clipboard": "Copiar para a área de transferência",
    "Copy your referral link and invite other people to get a fee from their earnings.": "Copie seu link de indicação e convide outras pessoas para receber uma comissão dos ganhos delas.",
    "referrals": "Indicações",
    "Invite other people to earn more": "Convide outras pessoas para ganhar mais",
    "Since": "Desde",
    "Your referral list": "Sua lista de indicações",
    "Earned": "Ganho",
    "The bio may not be greater than :chars characters.": "A biografia não pode ter mais de :chars caracteres.",
    "You" : "Você",
    "To..." : "Para...",
    "Your message" : "Sua mensagem",
    "One month subscription" : "Assinatura de um mês",
    "Message (Optional)" : "Mensagem (Opcional)",
    "Depozit" : "Depósito",
    "Check" : "Cheque",
    "Something went wrong, please try again" : "Algo deu errado, por favor, tente novamente",
    "Monthly subscription" : "Assinatura mensal",
    "Street address, city, state, postcode" : "Endereço (rua, cidade, estado, CEP)",
    "This field is required." : "Este campo é obrigatório.",
    "Billing address" : "Endereço de cobrança",
    "Member removed from list." : "Membro removido da lista.",
    "An internal error has occurred." : "Ocorreu um erro interno.",
    "month" : "mês",
    "1 month" : "1 mês",
    "3 months" : "3 meses",
    "6 months" : "6 meses",
    "12 months" : "12 meses",
    "Block user" : "Bloquear usuário",
    "Are you sure you want to block this user? Your posts will be mutually hidden and chats disabled." : "Tem certeza de que deseja bloquear este usuário? Seus posts serão ocultados mutuamente e os chats serão desativados.",
    "Are you sure you want to unfollow this user? His posts will be hidden from your feed." : "Tem certeza de que deseja deixar de seguir este usuário? Os posts dele serão ocultados do seu feed.",
    "You can follow back any time later from the lists module." : "Você pode voltar a seguir a qualquer momento através do módulo de listas.",
    "Unfollow user" : "Deixar de seguir usuário",
    "Payment failed." : "Pagamento falhou.",
    "Reply" : "Responder",
    "Rates" : "Taxas",
    "Load previous posts" : "Carregar posts anteriores",
    "Send" : "Enviar",
    "Clear draft" : "Limpar rascunho",
    "Go to profile" : "Ir para o perfil",
    "Are you sure you want to remove this member out of the list?" : "Tem certeza de que deseja remover este membro da lista?",
    "Page Not found" : "Página não encontrada",
    "The page you are looking for is not available." : "A página que você procura não está disponível.",
    "Share" : "Compartilhar",
    "Toggle fullscreen" : "Alternar tela cheia",
    "Zoom in/out" : "Aumentar/diminuir zoom",
    "Previous (arrow left)" : "Anterior (seta esquerda)",
    "Next (arrow right)" : "Próximo (seta direita)",
    "Reason" : "Motivo",
    "Details" : "Detalhes",
    "Approved" : "Aprovado",
    "Close (Esc)" : "Fechar (Esc)",
    "Offers/Bundles ?" : "Ofertas/Pacotes?",
    "Couldn't find this withdrawal" : "Não foi possível encontrar este saque",
    "Successfully approved withdrawal" : "Saque aprovado com sucesso",
    "Block" : "Bloquear",
    "Database connection" : "Conexão com o banco de dados",
    "You don't have enough money to pay with credit for this transaction. Please try with another payment method" : "Você não tem dinheiro suficiente para pagar com crédito por esta transação. Por favor, tente outro método de pagamento.",
    "Something went wrong with this transaction. Please try again" : "Algo deu errado com esta transação. Por favor, tente novamente",
    "You can now access this user profile." : "Agora você pode acessar o perfil deste usuário.",
    "Failed generating stripe session" : "Falha ao gerar sessão do Stripe",
    "Canceled" : "Cancelado",
    ":subscriptionInterval subscription to access :username profile" : "Assinatura de :subscriptionInterval para acessar o perfil de :username",
    "Payment succeeded" : "Pagamento bem-sucedido",
    "Your live stream is about to end in 30 minutes." : "Sua transmissão ao vivo terminará em 30 minutos.",
    "You already unlocked this post." : "Você já desbloqueou este post.",
    "You already have an active subscription for this user." : "Você já tem uma assinatura ativa para este usuário.",
    "You successfully unlocked this post." : "Você desbloqueou este post com sucesso.",
    "You don't have enough credit to withdraw. Minimum amount is: " : "Você não tem crédito suficiente para sacar. O valor mínimo é: ",
    "You cannot withdraw this amount, try with a lower one" : "Você não pode sacar este valor, tente um valor menor",
    "Add all required info" : "Adicione todas as informações necessárias",
    "'You got a new tip!'" : "'Você recebeu uma nova gorjeta!'",
    "No streams were found" : "Nenhuma transmissão encontrada",
    "Live" : "Ao vivo",
    "You only have :approved approved posts." : "Você tem apenas :approved post aprovado.|Você tem apenas :approved posts aprovados.",
    "Your next :tbapproved posts will have to admin approved." : "Seus próximos :tbapproved posts precisarão ser aprovados pelo admin.|Seus próximos :tbapproved posts precisarão ser aprovados pelo admin.",
    "Post status updated": "Status do post atualizado",
    "Your post has been :status.": "Seu post foi :status.",
    "View post": "Ver post",
    "This creator cannot earn money yet": "Este criador ainda não pode ganhar dinheiro",
    "You reached the minimum limit of posts": "Você atingiu o limite mínimo de posts",
    "Last updated": "Última atualização",
    "The post has been bought and can not be deleted.": "O post foi comprado e não pode ser excluído.",
    "The message has been bought and can not be deleted.": "A mensagem foi comprada e não pode ser excluída.",
    "The stream has been bought and can not be deleted.": "A transmissão foi comprada e não pode ser excluída.",
    "Your previous verification attempt was rejected for the following reason:": "Sua tentativa anterior de verificação foi rejeitada pelo seguinte motivo:",
    "The price must be between :min and :max." : "O preço deve estar entre :min e :max.",
    "This website uses cookies to improve your experience." : "Este site utiliza cookies para melhorar sua experiência.",
    "Got it!" : "Entendi!",
    "Learn more" : "Saiba mais",
    "Add files" : "Adicionar arquivos",
    "Expires at": "Expira em",
    "Delete comment": "Excluir comentário",
    "Are you sure you want to delete this comment?": "Tem certeza de que deseja excluir este comentário?",
    "Delete message": "Excluir mensagem",
    "Are you sure you want to delete this message?": "Tem certeza de que deseja excluir esta mensagem?",
    "Sign in with" : "Entrar com",
    "Files": "Arquivos",
    "Notify users": "Notificar usuários",
    "Notify": "Notificar",
    "If enabled, your followers will receive an email notification.": "Se ativado, seus seguidores receberão uma notificação por e-mail.",
    "New content has been posted": "Novo conteúdo foi publicado",
    "New content from @:username": "Novo conteúdo de @:username",
    "New content from people you follow is available on :siteName.": "Novo conteúdo de pessoas que você segue está disponível em :siteName.",
    "View your feed": "Ver seu feed",
    "Email address in undeliverable": "Endereço de e-mail inválido",
    "Write me a short profile bio description": "Escreva uma breve descrição de perfil para postar em uma rede social paga chamada :siteName",
    "Write me a short post description to post on my profile": "Escreva um breve post para meu perfil em uma rede social paga chamada :siteName",
    "Write me a shot stream title": "Escreva um breve título para transmissão ao vivo para meu perfil em uma rede social paga chamada :siteName",
    "Suggest a description": "Sugerir uma descrição",
    "Use AI to generate your description.": "Use IA para gerar sua descrição.",
    "Suggest": "Sugerir",
    "Suggestion": "Sugestão|Sugestões",
    "Add a few words about what your suggestion should be about": "Adicione algumas palavras sobre o que sua sugestão deve tratar",
    "You can use the wallet deposit page to add credit.": "Você pode usar a página de depósito da carteira para adicionar crédito.",
    "Scheduling" : "Agendamento",
    "Scheduled": "Agendado",
    "Expired": "Expirado",
    "Expiring": "Expirando",
    "Expiring in": "Expirando em",
    "Posting in": "Publicando em",
    "Schedule your post release or deletion date.": "Agende a data de publicação ou exclusão do seu post.",
    "Posts having an expire date can not be price locked.": "Posts com data de expiração não podem ter preço bloqueado.",
    "Post scheduling": "Agendamento de posts",
    "Post release date": "Data de publicação",
    "Post expire date": "Data de expiração",
    "Someone unlocked your" : "Alguém desbloqueou seu",
    "Your PPV content has been unlocked" : "Seu conteúdo PPV foi desbloqueado",
    "stream": "transmissão",
    "message": "mensagem",
    "Notification": "Notificação",
    "New stream from :username" : "Nova transmissão de :username.",
    "@:username has went live on :sitename" : "@:username está ao vivo em :siteName.",
    "Some of your messages couldn't be sent.": "Algumas de suas mensagens não puderam ser enviadas.",
    "Show less" : "Mostrar menos",
    "Show more" : "Mostrar mais",
    "More info" : "Mais informações",
    "Discover" : "Descobrir",
    "Report user or post": "Denunciar usuário ou post",
    "Bookmark added.": "Favorito adicionado.",
    "Bookmark removed.": "Favorito removido.",
    "Remove this bookmark" : "Remover este favorito",
    "RTL" : "RTL",
    "LTR": "LTR",
    "user_profile_title_label" : "Perfil de @:user",
    "I don't like this content": "Eu não gostei deste conteúdo",
    "Content is offensive or violates Terms of Service.": "O conteúdo é ofensivo ou viola os Termos de Serviço.",
    "Content contains stolen material (DMCA)": "O conteúdo contém material roubado (DMCA)",
    "Content is spam": "O conteúdo é spam",
    "Report abuse": "Denunciar abuso",
    "A user I am following went live" : "Um usuário que eu sigo iniciou uma transmissão",
    "Request sent. You will be notified once your verification is processed.": "Pedido enviado. Você será notificado assim que sua verificação for processada.",
    "Scheduling takes place on server time" : "O agendamento ocorre no horário do servidor",
    "Allowed file types": "Tipos de arquivo permitidos",
    "Max size": "Tamanho máximo",
    "Select all": "Selecionar tudo",
    "Pin this post" : "Fixar este post",
    "Un-pin post" :"Desfixar post",
    "Pin added." : "Post fixado.",
    "Pin removed." :"Post desfixado.",
    "Pinned post": "Post fixado",
    "Notes" : "Observações",
    "Payment notes are required" : "Observações de pagamento são obrigatórias",
    "You're logged as": "Você está logado como",
    "Leave impersonation": "Sair da personificação",
    "Impersonate": "Personificar",
    "Light": "Claro",
    "Dark": "Escuro",
    "Terms and conditions": "Termos e condições",
    "Change language": "Mudar idioma",
    "Select the language you want to use.": "Selecione o idioma que deseja usar.",
    "Show comments" : "Mostrar comentários",
    "A video is currently being converted.": "Um vídeo está sendo convertido.",
    "Are you sure you want to continue without it?": "Tem certeza de que deseja continuar sem ele?",
    "Stream details": "Detalhes da transmissão",
    "Edit stream": "Editar transmissão",
    "Approve": "Aprovar",
    "Approve withdrawal": "Aprovar saque",
    "By approving the withdrawal you accept sending the money to the user. If this withdrawal payment method is Stripe Connect then the money are sent to the user bank account linked with the Stripe connected account.": "Ao aprovar o saque, você concorda em enviar o dinheiro para o usuário. Se este método de saque for Stripe Connect, o dinheiro será enviado para a conta bancária vinculada à conta Stripe do usuário.",
    "Reject": "Rejeitar",
    "The payouts are manually and it usually takes up to 24 hours for a withdrawal to be processed, we will notify you as soon as your request is processed.": "Os pagamentos são manuais e geralmente levam até 24 horas para que um saque seja processado. Nós o notificaremos assim que seu pedido for processado.",
    "You must set the country on your profile before you can start onboarding and withdraw money": "Você deve definir o país em seu perfil antes de iniciar o onboarding e sacar dinheiro",
    "We're using Stripe to get you paid quickly and keep your personal and payment information secure. Thousands of companies around the world trust Stripe to process payments for their users. Set up a Stripe account to get paid with us": "Estamos usando o Stripe para que você receba rapidamente e para manter suas informações pessoais e de pagamento seguras. Milhares de empresas em todo o mundo confiam no Stripe para processar pagamentos para seus usuários. Configure uma conta Stripe para ser pago conosco",
    "Set your country": "Defina seu país",
    "Start onboarding": "Iniciar onboarding",
    "Withdrawal not found": "Saque não encontrado",
    "Withdrawal already processed": "Saque já processado",
    "Withdrawal approved successfully": "Saque aprovado com sucesso",
    "Withdrawal payout failed": "Falha no pagamento do saque",
    "Withdrawal rejected successfully": "Saque rejeitado com sucesso",
    "Your onboarding request is pending approval": "Seu pedido de onboarding está aguardando aprovação",
    "Onboarding initiation failed, please retry or contact support": "Falha ao iniciar o onboarding, por favor, tente novamente ou contate o suporte",
    "You are currently not connected to any networks." : "Você não está conectado a nenhuma rede no momento.",
    "Old": "Antigo",
    "off": "desligado",
    "wallet top-up" : "Recarga de carteira",
    "Your profile is set to 'Open profile', meaning your profile will be treated as free one": "Seu perfil está configurado como 'Perfil aberto', o que significa que ele será tratado como um perfil gratuito",
    "VAT Number": "Número de IVA",
    "Comment saved": "Comentário salvo",
    "Edited at": "Editado em"
  }
  